<?xml version="1.0" encoding="UTF-8"?>
<project-private xmlns="http://www.netbeans.org/ns/project-private/1">
    <editor-bookmarks xmlns="http://www.netbeans.org/ns/editor-bookmarks/2" lastBookmarkId="0"/>
    <open-files xmlns="http://www.netbeans.org/ns/projectui-open-files/2">
        <group>
            <file>file:/C:/Users/Abhay%20singh/Dropbox/PC/Documents/NetBeansProjects/Billing_Software(Abhay)/src/dbcon/DbConnection.java</file>
            <file>file:/C:/Users/Abhay%20singh/Dropbox/PC/Documents/NetBeansProjects/Billing_Software(Abhay)/src/employee/EmpChangePassword.java</file>
            <file>file:/C:/Users/Abhay%20singh/Dropbox/PC/Documents/NetBeansProjects/Billing_Software(Abhay)/src/billingsoftware/BillingSoftware.java</file>
            <file>file:/C:/Users/Abhay%20singh/Dropbox/PC/Documents/NetBeansProjects/Billing_Software(Abhay)/src/dbcon/DbOperations.java</file>
            <file>file:/C:/Users/Abhay%20singh/Dropbox/PC/Documents/NetBeansProjects/Billing_Software(Abhay)/src/admin/AddItems.java</file>
            <file>file:/C:/Users/Abhay%20singh/Dropbox/PC/Documents/NetBeansProjects/Billing_Software(Abhay)/src/admin/ViewEditEmployees.java</file>
            <file>file:/C:/Users/Abhay%20singh/Dropbox/PC/Documents/NetBeansProjects/Billing_Software(Abhay)/src/validations/RegValidations.java</file>
            <file>file:/C:/Users/Abhay%20singh/Dropbox/PC/Documents/NetBeansProjects/Billing_Software(Abhay)/src/customer/CustomerPanel.java</file>
            <file>file:/C:/Users/Abhay%20singh/Dropbox/PC/Documents/NetBeansProjects/Billing_Software(Abhay)/src/billingsoftware/Login.java</file>
            <file>file:/C:/Users/Abhay%20singh/Dropbox/PC/Documents/NetBeansProjects/Billing_Software(Abhay)/src/admin/ViewEditItems.java</file>
            <file>file:/C:/Users/Abhay%20singh/Dropbox/PC/Documents/NetBeansProjects/Billing_Software(Abhay)/src/demo/HashMapInsertioniInDb.java</file>
            <file>file:/C:/Users/Abhay%20singh/Dropbox/PC/Documents/NetBeansProjects/Billing_Software(Abhay)/src/employee/StartBilling.java</file>
            <file>file:/C:/Users/Abhay%20singh/Dropbox/PC/Documents/NetBeansProjects/Billing_Software(Abhay)/src/gettersetter/RegisterModel.java</file>
            <file>file:/C:/Users/Abhay%20singh/Dropbox/PC/Documents/NetBeansProjects/Billing_Software(Abhay)/src/employee/FinalBilling.java</file>
            <file>file:/C:/Users/Abhay%20singh/Dropbox/PC/Documents/NetBeansProjects/Billing_Software(Abhay)/src/admin/RegisterEmployee.java</file>
            <file>file:/C:/Users/Abhay%20singh/Dropbox/PC/Documents/NetBeansProjects/Billing_Software(Abhay)/src/admin/AdminChangePassword.java</file>
            <file>file:/C:/Users/Abhay%20singh/Dropbox/PC/Documents/NetBeansProjects/Billing_Software(Abhay)/src/employee/PurchasedItems.java</file>
            <file>file:/C:/Users/Abhay%20singh/Dropbox/PC/Documents/NetBeansProjects/Billing_Software(Abhay)/src/employee/Payment.java</file>
            <file>file:/C:/Users/Abhay%20singh/Dropbox/PC/Documents/NetBeansProjects/Billing_Software(Abhay)/src/employee/ViewAllEmployees.java</file>
            <file>file:/C:/Users/Abhay%20singh/Dropbox/PC/Documents/NetBeansProjects/Billing_Software(Abhay)/src/admin/AdminPanel.java</file>
            <file>file:/C:/Users/Abhay%20singh/Dropbox/PC/Documents/NetBeansProjects/Billing_Software(Abhay)/src/billingsoftware/StartProject.java</file>
            <file>file:/C:/Users/Abhay%20singh/Dropbox/PC/Documents/NetBeansProjects/Billing_Software(Abhay)/src/employee/EmployeePanel.java</file>
            <file>file:/C:/Users/Abhay%20singh/Dropbox/PC/Documents/NetBeansProjects/Billing_Software(Abhay)/src/employee/MyProfile.java</file>
        </group>
    </open-files>
</project-private>
